{
    "model": "LSTM",
    "rmse": 113.21533273870764,
    "mae": 80.37397812187777,
    "mape": 2.7115624154318168
}