{
    "model": "Prophet",
    "rmse": 1308.9168699998602,
    "mae": 851.9914690318283,
    "mape": 54.085323115788256
}